<odoo>
    <data>
        <record id="ir_cron_payment_reminder_register_self" model="ir.cron">
            <field name="name">Payment Reminder: Register Client with Upward</field>
            <field name="model_id" ref="payment_reminder.model_payment_reminder_client"/>
            <field name="state">code</field>
            <field name="code">model.cron_register_self()</field>
            <field name="interval_number">60</field>
            <field name="interval_type">minutes</field>
            <field name="active">True</field>
        </record>
    </data>
</odoo>

